PassengerId,Survived,Pclass,Sex,SibSp,Parch,Embarked_Q,Embarked_S,family_group_large,family_group_small,age_group_Child,age_group_Infant,age_group_Middle Age,age_group_Old,age_group_Teenager,age_group_Young Adult,age_group_toddler,Fare_Group_Very Low
1,0,3,1,1,0,0,1,0,1,0,0,0,0,0,1,0,1
2,1,1,0,1,0,0,0,0,1,0,0,0,0,0,0,0,1
3,1,3,0,0,0,0,1,0,0,0,0,0,0,0,0,0,1
4,1,1,0,1,0,0,1,0,1,0,0,0,0,0,0,0,1
5,0,3,1,0,0,0,1,0,0,0,0,0,0,0,0,0,1
6,0,3,1,0,0,1,0,0,0,0,0,0,0,0,0,0,1
7,0,1,1,0,0,0,1,0,0,0,0,1,0,0,0,0,1
8,0,3,1,3,1,0,1,1,0,0,0,0,0,0,0,1,1
9,1,3,0,0,2,0,1,0,1,0,0,0,0,0,0,0,1
10,1,2,0,1,0,0,0,0,1,1,0,0,0,0,0,0,1
11,1,3,0,1,1,0,1,0,1,0,0,0,0,0,0,1,1
12,1,1,0,0,0,0,1,0,0,0,0,0,1,0,0,0,1
13,0,3,1,0,0,0,1,0,0,0,0,0,0,0,1,0,1
14,0,3,1,1,5,0,1,1,0,0,0,0,0,0,0,0,1
15,0,3,0,0,0,0,1,0,0,1,0,0,0,0,0,0,1
16,1,2,0,0,0,0,1,0,0,0,0,1,0,0,0,0,1
17,0,3,1,4,1,1,0,1,0,0,0,0,0,0,0,1,1
18,1,2,1,0,0,0,1,0,0,0,0,0,0,0,0,0,1
19,0,3,0,1,0,0,1,0,1,0,0,0,0,0,0,0,1
20,1,3,0,0,0,0,0,0,0,0,0,0,0,0,0,0,1
21,0,2,1,0,0,0,1,0,0,0,0,0,0,0,0,0,1
22,1,2,1,0,0,0,1,0,0,0,0,0,0,0,0,0,1
23,1,3,0,0,0,1,0,0,0,0,0,0,0,1,0,0,1
24,1,1,1,0,0,0,1,0,0,0,0,0,0,0,0,0,1
25,0,3,0,3,1,0,1,1,0,1,0,0,0,0,0,0,1
26,1,3,0,1,5,0,1,1,0,0,0,0,0,0,0,0,1
27,0,3,1,0,0,0,0,0,0,0,0,0,0,0,0,0,1
28,0,1,1,3,2,0,1,1,0,0,0,0,0,1,0,0,1
29,1,3,0,0,0,1,0,0,0,0,0,0,0,0,0,0,1
30,0,3,1,0,0,0,1,0,0,0,0,0,0,0,0,0,1
31,0,1,1,0,0,0,0,0,0,0,0,0,0,0,0,0,1
32,1,1,0,1,0,0,0,0,1,0,0,0,0,0,0,0,1
33,1,3,0,0,0,1,0,0,0,0,0,0,0,0,0,0,1
34,0,2,1,0,0,0,1,0,0,0,0,0,1,0,0,0,1
35,0,1,1,1,0,0,0,0,1,0,0,0,0,0,0,0,1
36,0,1,1,1,0,0,1,0,1,0,0,1,0,0,0,0,1
37,1,3,1,0,0,0,0,0,0,0,0,0,0,0,0,0,1
38,0,3,1,0,0,0,1,0,0,0,0,0,0,0,1,0,1
39,0,3,0,2,0,0,1,0,1,0,0,0,0,1,0,0,1
40,1,3,0,1,0,0,0,0,1,1,0,0,0,0,0,0,1
41,0,3,0,1,0,0,1,0,1,0,0,0,0,0,0,0,1
42,0,2,0,1,0,0,1,0,1,0,0,0,0,0,0,0,1
43,0,3,1,0,0,0,0,0,0,0,0,0,0,0,0,0,1
44,1,2,0,1,2,0,0,0,1,0,0,0,0,0,0,1,1
45,1,3,0,0,0,1,0,0,0,0,0,0,0,1,0,0,1
46,0,3,1,0,0,0,1,0,0,0,0,0,0,0,0,0,1
47,0,3,1,1,0,1,0,0,1,0,0,0,0,0,0,0,1
48,1,3,0,0,0,1,0,0,0,0,0,0,0,0,0,0,1
49,0,3,1,2,0,0,0,0,1,0,0,0,0,0,0,0,1
50,0,3,0,1,0,0,1,0,1,0,0,0,0,1,0,0,1
51,0,3,1,4,1,0,1,1,0,1,0,0,0,0,0,0,1
52,0,3,1,0,0,0,1,0,0,0,0,0,0,0,1,0,1
53,1,1,0,1,0,0,0,0,1,0,0,1,0,0,0,0,1
54,1,2,0,1,0,0,1,0,1,0,0,0,0,0,0,0,1
55,0,1,1,0,1,0,0,0,1,0,0,0,1,0,0,0,1
56,1,1,1,0,0,0,1,0,0,0,0,0,0,0,0,0,1
57,1,2,0,0,0,0,1,0,0,0,0,0,0,0,1,0,1
58,0,3,1,0,0,0,0,0,0,0,0,0,0,0,0,0,1
59,1,2,0,1,2,0,1,0,1,1,0,0,0,0,0,0,1
60,0,3,1,5,2,0,1,1,0,1,0,0,0,0,0,0,1
61,0,3,1,0,0,0,0,0,0,0,0,0,0,0,1,0,1
62,1,1,0,0,0,0,1,0,0,0,0,0,0,0,0,0,1
63,0,1,1,1,0,0,1,0,1,0,0,1,0,0,0,0,1
64,0,3,1,3,2,0,1,1,0,0,0,0,0,0,0,1,1
65,0,1,1,0,0,0,0,0,0,0,0,0,0,0,0,0,1
66,1,3,1,1,1,0,0,0,1,0,0,0,0,0,0,0,1
67,1,2,0,0,0,0,1,0,0,0,0,0,0,0,0,0,1
68,0,3,1,0,0,0,1,0,0,0,0,0,0,1,0,0,1
69,1,3,0,4,2,0,1,1,0,0,0,0,0,1,0,0,1
70,0,3,1,2,0,0,1,0,1,0,0,0,0,0,0,0,1
71,0,2,1,0,0,0,1,0,0,0,0,0,0,0,0,0,1
72,0,3,0,5,2,0,1,1,0,0,0,0,0,1,0,0,1
73,0,2,1,0,0,0,1,0,0,0,0,0,0,0,1,0,1
74,0,3,1,1,0,0,0,0,1,0,0,0,0,0,0,0,1
75,1,3,1,0,0,0,1,0,0,0,0,0,0,0,0,0,1
76,0,3,1,0,0,0,1,0,0,0,0,0,0,0,1,0,1
77,0,3,1,0,0,0,1,0,0,0,0,0,0,0,0,0,1
78,0,3,1,0,0,0,1,0,0,0,0,0,0,0,0,0,1
79,1,2,1,0,2,0,1,0,1,0,1,0,0,0,0,0,1
80,1,3,0,0,0,0,1,0,0,0,0,0,0,0,0,0,1
81,0,3,1,0,0,0,1,0,0,0,0,0,0,0,1,0,1
82,1,3,1,0,0,0,1,0,0,0,0,0,0,0,0,0,1
83,1,3,0,0,0,1,0,0,0,0,0,0,0,0,0,0,1
84,0,1,1,0,0,0,1,0,0,0,0,0,0,0,0,0,1
85,1,2,0,0,0,0,1,0,0,0,0,0,0,1,0,0,1
86,1,3,0,3,0,0,1,0,1,0,0,0,0,0,0,0,1
87,0,3,1,1,3,0,1,1,0,0,0,0,0,1,0,0,1
88,0,3,1,0,0,0,1,0,0,0,0,0,0,0,0,0,1
89,1,1,0,3,2,0,1,1,0,0,0,0,0,0,1,0,1
90,0,3,1,0,0,0,1,0,0,0,0,0,0,0,1,0,1
91,0,3,1,0,0,0,1,0,0,0,0,0,0,0,0,0,1
92,0,3,1,0,0,0,1,0,0,0,0,0,0,0,1,0,1
93,0,1,1,1,0,0,1,0,1,0,0,1,0,0,0,0,1
94,0,3,1,1,2,0,1,0,1,0,0,0,0,0,0,0,1
95,0,3,1,0,0,0,1,0,0,0,0,0,1,0,0,0,1
96,0,3,1,0,0,0,1,0,0,0,0,0,0,0,0,0,1
97,0,1,1,0,0,0,0,0,0,0,0,0,1,0,0,0,1
98,1,1,1,0,1,0,0,0,1,0,0,0,0,0,1,0,1
99,1,2,0,0,1,0,1,0,1,0,0,0,0,0,0,0,1
100,0,2,1,1,0,0,1,0,1,0,0,0,0,0,0,0,1
101,0,3,0,0,0,0,1,0,0,0,0,0,0,0,0,0,1
102,0,3,1,0,0,0,1,0,0,0,0,0,0,0,0,0,1
103,0,1,1,0,1,0,1,0,1,0,0,0,0,0,1,0,1
104,0,3,1,0,0,0,1,0,0,0,0,0,0,0,0,0,1
105,0,3,1,2,0,0,1,0,1,0,0,0,0,0,0,0,1
106,0,3,1,0,0,0,1,0,0,0,0,0,0,0,0,0,1
107,1,3,0,0,0,0,1,0,0,0,0,0,0,0,1,0,1
108,1,3,1,0,0,0,1,0,0,0,0,0,0,0,0,0,1
109,0,3,1,0,0,0,1,0,0,0,0,0,0,0,0,0,1
110,1,3,0,1,0,1,0,0,1,0,0,0,0,0,0,0,1
111,0,1,1,0,0,0,1,0,0,0,0,1,0,0,0,0,1
112,0,3,0,1,0,0,0,0,1,0,0,0,0,1,0,0,1
113,0,3,1,0,0,0,1,0,0,0,0,0,0,0,1,0,1
114,0,3,0,1,0,0,1,0,1,0,0,0,0,0,1,0,1
115,0,3,0,0,0,0,0,0,0,0,0,0,0,1,0,0,1
116,0,3,1,0,0,0,1,0,0,0,0,0,0,0,1,0,1
117,0,3,1,0,0,1,0,0,0,0,0,0,1,0,0,0,1
118,0,2,1,1,0,0,1,0,1,0,0,0,0,0,0,0,1
119,0,1,1,0,1,0,0,0,1,0,0,0,0,0,1,0,1
120,0,3,0,4,2,0,1,1,0,0,0,0,0,0,0,1,1
121,0,2,1,2,0,0,1,0,1,0,0,0,0,0,1,0,1
122,0,3,1,0,0,0,1,0,0,0,0,0,0,0,0,0,1
123,0,2,1,1,0,0,0,0,1,0,0,0,0,0,0,0,1
124,1,2,0,0,0,0,1,0,0,0,0,0,0,0,0,0,1
125,0,1,1,0,1,0,1,0,1,0,0,1,0,0,0,0,1
126,1,3,1,1,0,0,0,0,1,1,0,0,0,0,0,0,1
127,0,3,1,0,0,1,0,0,0,0,0,0,0,0,0,0,1
128,1,3,1,0,0,0,1,0,0,0,0,0,0,0,1,0,1
129,1,3,0,1,1,0,0,0,1,0,0,0,0,0,0,0,1
130,0,3,1,0,0,0,1,0,0,0,0,1,0,0,0,0,1
131,0,3,1,0,0,0,0,0,0,0,0,0,0,0,0,0,1
132,0,3,1,0,0,0,1,0,0,0,0,0,0,0,1,0,1
133,0,3,0,1,0,0,1,0,1,0,0,1,0,0,0,0,1
134,1,2,0,1,0,0,1,0,1,0,0,0,0,0,0,0,1
135,0,2,1,0,0,0,1,0,0,0,0,0,0,0,1,0,1
136,0,2,1,0,0,0,0,0,0,0,0,0,0,0,1,0,1
137,1,1,0,0,2,0,1,0,1,0,0,0,0,1,0,0,1
138,0,1,1,1,0,0,1,0,1,0,0,0,0,0,0,0,1
139,0,3,1,0,0,0,1,0,0,0,0,0,0,1,0,0,1
140,0,1,1,0,0,0,0,0,0,0,0,0,0,0,1,0,1
141,0,3,0,0,2,0,0,0,1,0,0,0,0,0,0,0,1
142,1,3,0,0,0,0,1,0,0,0,0,0,0,0,1,0,1
143,1,3,0,1,0,0,1,0,1,0,0,0,0,0,1,0,1
144,0,3,1,0,0,1,0,0,0,0,0,0,0,1,0,0,1
145,0,2,1,0,0,0,1,0,0,0,0,0,0,1,0,0,1
146,0,2,1,1,1,0,1,0,1,0,0,0,0,1,0,0,1
147,1,3,1,0,0,0,1,0,0,0,0,0,0,0,0,0,1
148,0,3,0,2,2,0,1,1,0,1,0,0,0,0,0,0,1
149,0,2,1,0,2,0,1,0,1,0,0,0,0,0,0,0,1
150,0,2,1,0,0,0,1,0,0,0,0,1,0,0,0,0,1
151,0,2,1,0,0,0,1,0,0,0,0,1,0,0,0,0,1
152,1,1,0,1,0,0,1,0,1,0,0,0,0,0,1,0,1
153,0,3,1,0,0,0,1,0,0,0,0,0,1,0,0,0,1
154,0,3,1,0,2,0,1,0,1,0,0,1,0,0,0,0,1
155,0,3,1,0,0,0,1,0,0,0,0,0,0,0,0,0,1
156,0,1,1,0,1,0,0,0,1,0,0,1,0,0,0,0,1
157,1,3,0,0,0,1,0,0,0,0,0,0,0,1,0,0,1
158,0,3,1,0,0,0,1,0,0,0,0,0,0,0,0,0,1
159,0,3,1,0,0,0,1,0,0,0,0,0,0,0,0,0,1
160,0,3,1,8,2,0,1,1,0,0,0,0,0,0,0,0,1
161,0,3,1,0,1,0,1,0,1,0,0,1,0,0,0,0,1
162,1,2,0,0,0,0,1,0,0,0,0,0,0,0,0,0,1
163,0,3,1,0,0,0,1,0,0,0,0,0,0,0,0,0,1
164,0,3,1,0,0,0,1,0,0,0,0,0,0,1,0,0,1
165,0,3,1,4,1,0,1,1,0,0,1,0,0,0,0,0,1
166,1,3,1,0,2,0,1,0,1,1,0,0,0,0,0,0,1
167,1,1,0,0,1,0,1,0,1,0,0,0,0,0,0,0,1
168,0,3,0,1,4,0,1,1,0,0,0,1,0,0,0,0,1
169,0,1,1,0,0,0,1,0,0,0,0,0,0,0,0,0,1
170,0,3,1,0,0,0,1,0,0,0,0,0,0,0,0,0,1
171,0,1,1,0,0,0,1,0,0,0,0,0,1,0,0,0,1
172,0,3,1,4,1,1,0,1,0,0,0,0,0,0,0,1,1
173,1,3,0,1,1,0,1,0,1,0,1,0,0,0,0,0,1
174,0,3,1,0,0,0,1,0,0,0,0,0,0,0,1,0,1
175,0,1,1,0,0,0,0,0,0,0,0,0,1,0,0,0,1
176,0,3,1,1,1,0,1,0,1,0,0,0,0,1,0,0,1
177,0,3,1,3,1,0,1,1,0,0,0,0,0,0,0,0,1
178,0,1,0,0,0,0,0,0,0,0,0,1,0,0,0,0,1
179,0,2,1,0,0,0,1,0,0,0,0,0,0,0,0,0,1
180,0,3,1,0,0,0,1,0,0,0,0,0,0,0,0,0,1
181,0,3,0,8,2,0,1,1,0,0,0,0,0,0,0,0,1
182,0,2,1,0,0,0,0,0,0,0,0,0,0,0,0,0,1
183,0,3,1,4,2,0,1,1,0,1,0,0,0,0,0,0,1
184,1,2,1,2,1,0,1,0,1,0,1,0,0,0,0,0,1
185,1,3,0,0,2,0,1,0,1,0,0,0,0,0,0,1,1
186,0,1,1,0,0,0,1,0,0,0,0,0,0,0,0,0,1
187,1,3,0,1,0,1,0,0,1,0,0,0,0,0,0,0,1
188,1,1,1,0,0,0,1,0,0,0,0,1,0,0,0,0,1
189,0,3,1,1,1,1,0,0,1,0,0,0,0,0,0,0,1
190,0,3,1,0,0,0,1,0,0,0,0,0,0,0,0,0,1
191,1,2,0,0,0,0,1,0,0,0,0,0,0,0,0,0,1
192,0,2,1,0,0,0,1,0,0,0,0,0,0,1,0,0,1
193,1,3,0,1,0,0,1,0,1,0,0,0,0,1,0,0,1
194,1,2,1,1,1,0,1,0,1,0,0,0,0,0,0,1,1
195,1,1,0,0,0,0,0,0,0,0,0,1,0,0,0,0,1
196,1,1,0,0,0,0,0,0,0,0,0,0,1,0,0,0,1
197,0,3,1,0,0,1,0,0,0,0,0,0,0,0,0,0,1
198,0,3,1,0,1,0,1,0,1,0,0,1,0,0,0,0,1
199,1,3,0,0,0,1,0,0,0,0,0,0,0,0,0,0,1
200,0,2,0,0,0,0,1,0,0,0,0,0,0,0,1,0,1
201,0,3,1,0,0,0,1,0,0,0,0,0,0,0,0,0,1
202,0,3,1,8,2,0,1,1,0,0,0,0,0,0,0,0,1
203,0,3,1,0,0,0,1,0,0,0,0,0,0,0,0,0,1
204,0,3,1,0,0,0,0,0,0,0,0,1,0,0,0,0,1
205,1,3,1,0,0,0,1,0,0,0,0,0,0,1,0,0,1
206,0,3,0,0,1,0,1,0,1,0,0,0,0,0,0,1,1
207,0,3,1,1,0,0,1,0,1,0,0,0,0,0,0,0,1
208,1,3,1,0,0,0,0,0,0,0,0,0,0,0,0,0,1
209,1,3,0,0,0,1,0,0,0,0,0,0,0,1,0,0,1
210,1,1,1,0,0,0,0,0,0,0,0,0,0,0,0,0,1
211,0,3,1,0,0,0,1,0,0,0,0,0,0,0,1,0,1
212,1,2,0,0,0,0,1,0,0,0,0,0,0,0,0,0,1
213,0,3,1,0,0,0,1,0,0,0,0,0,0,0,1,0,1
214,0,2,1,0,0,0,1,0,0,0,0,0,0,0,0,0,1
215,0,3,1,1,0,1,0,0,1,0,0,0,0,0,0,0,1
216,1,1,0,1,0,0,0,0,1,0,0,0,0,0,0,0,1
217,1,3,0,0,0,0,1,0,0,0,0,0,0,0,0,0,1
218,0,2,1,1,0,0,1,0,1,0,0,1,0,0,0,0,1
219,1,1,0,0,0,0,0,0,0,0,0,0,0,0,0,0,1
220,0,2,1,0,0,0,1,0,0,0,0,0,0,0,0,0,1
221,1,3,1,0,0,0,1,0,0,0,0,0,0,1,0,0,1
222,0,2,1,0,0,0,1,0,0,0,0,0,0,0,0,0,1
223,0,3,1,0,0,0,1,0,0,0,0,1,0,0,0,0,1
224,0,3,1,0,0,0,1,0,0,0,0,0,0,0,0,0,1
225,1,1,1,1,0,0,1,0,1,0,0,0,0,0,0,0,1
226,0,3,1,0,0,0,1,0,0,0,0,0,0,0,1,0,1
227,1,2,1,0,0,0,1,0,0,0,0,0,0,1,0,0,1
228,0,3,1,0,0,0,1,0,0,0,0,0,0,0,1,0,1
229,0,2,1,0,0,0,1,0,0,0,0,0,0,1,0,0,1
230,0,3,0,3,1,0,1,1,0,0,0,0,0,0,0,0,1
231,1,1,0,1,0,0,1,0,1,0,0,0,0,0,0,0,1
232,0,3,1,0,0,0,1,0,0,0,0,0,0,0,0,0,1
233,0,2,1,0,0,0,1,0,0,0,0,0,1,0,0,0,1
234,1,3,0,4,2,0,1,1,0,1,0,0,0,0,0,0,1
235,0,2,1,0,0,0,1,0,0,0,0,0,0,0,1,0,1
236,0,3,0,0,0,0,1,0,0,0,0,0,0,0,0,0,1
237,0,2,1,1,0,0,1,0,1,0,0,1,0,0,0,0,1
238,1,2,0,0,2,0,1,0,1,1,0,0,0,0,0,0,1
239,0,2,1,0,0,0,1,0,0,0,0,0,0,1,0,0,1
240,0,2,1,0,0,0,1,0,0,0,0,0,0,0,0,0,1
241,0,3,0,1,0,0,0,0,1,0,0,0,0,0,0,0,1
242,1,3,0,1,0,1,0,0,1,0,0,0,0,0,0,0,1
243,0,2,1,0,0,0,1,0,0,0,0,0,0,0,0,0,1
244,0,3,1,0,0,0,1,0,0,0,0,0,0,0,1,0,1
245,0,3,1,0,0,0,0,0,0,0,0,0,0,0,0,0,1
246,0,1,1,2,0,1,0,0,1,0,0,1,0,0,0,0,1
247,0,3,0,0,0,0,1,0,0,0,0,0,0,0,1,0,1
248,1,2,0,0,2,0,1,0,1,0,0,0,0,0,1,0,1
249,1,1,1,1,1,0,1,0,1,0,0,0,0,0,0,0,1
250,0,2,1,1,0,0,1,0,1,0,0,1,0,0,0,0,1
251,0,3,1,0,0,0,1,0,0,0,0,0,0,0,0,0,1
252,0,3,0,1,1,0,1,0,1,0,0,0,0,0,0,0,1
253,0,1,1,0,0,0,1,0,0,0,0,0,1,0,0,0,1
254,0,3,1,1,0,0,1,0,1,0,0,0,0,0,0,0,1
255,0,3,0,0,2,0,1,0,1,0,0,1,0,0,0,0,1
256,1,3,0,0,2,0,0,0,1,0,0,0,0,0,0,0,1
257,1,1,0,0,0,0,0,0,0,0,0,0,0,0,0,0,1
258,1,1,0,0,0,0,1,0,0,0,0,0,0,0,0,0,1
259,1,1,0,0,0,0,0,0,0,0,0,0,0,0,0,0,0
260,1,2,0,0,1,0,1,0,1,0,0,1,0,0,0,0,1
261,0,3,1,0,0,1,0,0,0,0,0,0,0,0,0,0,1
262,1,3,1,4,2,0,1,1,0,0,0,0,0,0,0,1,1
263,0,1,1,1,1,0,1,0,1,0,0,1,0,0,0,0,1
264,0,1,1,0,0,0,1,0,0,0,0,0,0,0,0,0,1
265,0,3,0,0,0,1,0,0,0,0,0,0,0,0,0,0,1
266,0,2,1,0,0,0,1,0,0,0,0,0,0,0,0,0,1
267,0,3,1,4,1,0,1,1,0,0,0,0,0,1,0,0,1
268,1,3,1,1,0,0,1,0,1,0,0,0,0,0,1,0,1
269,1,1,0,0,1,0,1,0,1,0,0,0,1,0,0,0,1
270,1,1,0,0,0,0,1,0,0,0,0,0,0,0,0,0,1
271,0,1,1,0,0,0,1,0,0,0,0,0,0,0,0,0,1
272,1,3,1,0,0,0,1,0,0,0,0,0,0,0,1,0,1
273,1,2,0,0,1,0,1,0,1,0,0,1,0,0,0,0,1
274,0,1,1,0,1,0,0,0,1,0,0,0,0,0,0,0,1
275,1,3,0,0,0,1,0,0,0,0,0,0,0,0,0,0,1
276,1,1,0,1,0,0,1,0,1,0,0,0,1,0,0,0,1
277,0,3,0,0,0,0,1,0,0,0,0,1,0,0,0,0,1
278,0,2,1,0,0,0,1,0,0,0,0,0,0,0,0,0,1
279,0,3,1,4,1,1,0,1,0,1,0,0,0,0,0,0,1
280,1,3,0,1,1,0,1,0,1,0,0,0,0,0,0,0,1
281,0,3,1,0,0,1,0,0,0,0,0,0,1,0,0,0,1
282,0,3,1,0,0,0,1,0,0,0,0,0,0,0,0,0,1
283,0,3,1,0,0,0,1,0,0,0,0,0,0,1,0,0,1
284,1,3,1,0,0,0,1,0,0,0,0,0,0,1,0,0,1
285,0,1,1,0,0,0,1,0,0,0,0,0,0,0,0,0,1
286,0,3,1,0,0,0,0,0,0,0,0,0,0,0,0,0,1
287,1,3,1,0,0,0,1,0,0,0,0,0,0,0,0,0,1
288,0,3,1,0,0,0,1,0,0,0,0,0,0,0,1,0,1
289,1,2,1,0,0,0,1,0,0,0,0,1,0,0,0,0,1
290,1,3,0,0,0,1,0,0,0,0,0,0,0,0,1,0,1
291,1,1,0,0,0,0,1,0,0,0,0,0,0,0,0,0,1
292,1,1,0,1,0,0,0,0,1,0,0,0,0,1,0,0,1
293,0,2,1,0,0,0,0,0,0,0,0,0,0,0,0,0,1
294,0,3,0,0,0,0,1,0,0,0,0,0,0,0,1,0,1
295,0,3,1,0,0,0,1,0,0,0,0,0,0,0,1,0,1
296,0,1,1,0,0,0,0,0,0,0,0,0,0,0,0,0,1
297,0,3,1,0,0,0,0,0,0,0,0,0,0,0,1,0,1
298,0,1,0,1,2,0,1,0,1,0,0,0,0,0,0,1,1
299,1,1,1,0,0,0,1,0,0,0,0,0,0,0,0,0,1
300,1,1,0,0,1,0,0,0,1,0,0,1,0,0,0,0,1
301,1,3,0,0,0,1,0,0,0,0,0,0,0,0,0,0,1
302,1,3,1,2,0,1,0,0,1,0,0,0,0,0,0,0,1
303,0,3,1,0,0,0,1,0,0,0,0,0,0,1,0,0,1
304,1,2,0,0,0,1,0,0,0,0,0,0,0,0,0,0,1
305,0,3,1,0,0,0,1,0,0,0,0,0,0,0,0,0,1
306,1,1,1,1,2,0,1,0,1,0,1,0,0,0,0,0,1
307,1,1,0,0,0,0,0,0,0,0,0,0,0,0,0,0,1
308,1,1,0,1,0,0,0,0,1,0,0,0,0,1,0,0,1
309,0,2,1,1,0,0,0,0,1,0,0,0,0,0,0,0,1
310,1,1,0,0,0,0,0,0,0,0,0,0,0,0,0,0,1
311,1,1,0,0,0,0,0,0,0,0,0,0,0,0,1,0,1
312,1,1,0,2,2,0,0,1,0,0,0,0,0,1,0,0,1
313,0,2,0,1,1,0,1,0,1,0,0,0,0,0,0,0,1
314,0,3,1,0,0,0,1,0,0,0,0,0,0,0,0,0,1
315,0,2,1,1,1,0,1,0,1,0,0,1,0,0,0,0,1
316,1,3,0,0,0,0,1,0,0,0,0,0,0,0,0,0,1
317,1,2,0,1,0,0,1,0,1,0,0,0,0,0,1,0,1
318,0,2,1,0,0,0,1,0,0,0,0,1,0,0,0,0,1
319,1,1,0,0,2,0,1,0,1,0,0,0,0,0,0,0,1
320,1,1,0,1,1,0,0,0,1,0,0,0,0,0,0,0,1
321,0,3,1,0,0,0,1,0,0,0,0,0,0,0,1,0,1
322,0,3,1,0,0,0,1,0,0,0,0,0,0,0,0,0,1
323,1,2,0,0,0,1,0,0,0,0,0,0,0,0,0,0,1
324,1,2,0,1,1,0,1,0,1,0,0,0,0,0,1,0,1
325,0,3,1,8,2,0,1,1,0,0,0,0,0,0,0,0,1
326,1,1,0,0,0,0,0,0,0,0,0,0,0,0,0,0,1
327,0,3,1,0,0,0,1,0,0,0,0,0,1,0,0,0,1
328,1,2,0,0,0,0,1,0,0,0,0,0,0,0,0,0,1
329,1,3,0,1,1,0,1,0,1,0,0,0,0,0,0,0,1
330,1,1,0,0,1,0,0,0,1,0,0,0,0,1,0,0,1
331,1,3,0,2,0,1,0,0,1,0,0,0,0,0,0,0,1
332,0,1,1,0,0,0,1,0,0,0,0,1,0,0,0,0,1
333,0,1,1,0,1,0,1,0,1,0,0,0,0,0,0,0,1
334,0,3,1,2,0,0,1,0,1,0,0,0,0,1,0,0,1
335,1,1,0,1,0,0,1,0,1,0,0,0,0,0,0,0,1
336,0,3,1,0,0,0,1,0,0,0,0,0,0,0,0,0,1
337,0,1,1,1,0,0,1,0,1,0,0,0,0,0,0,0,1
338,1,1,0,0,0,0,0,0,0,0,0,1,0,0,0,0,1
339,1,3,1,0,0,0,1,0,0,0,0,1,0,0,0,0,1
340,0,1,1,0,0,0,1,0,0,0,0,1,0,0,0,0,1
341,1,2,1,1,1,0,1,0,1,0,0,0,0,0,0,1,1
342,1,1,0,3,2,0,1,1,0,0,0,0,0,0,1,0,1
343,0,2,1,0,0,0,1,0,0,0,0,0,0,0,0,0,1
344,0,2,1,0,0,0,1,0,0,0,0,0,0,0,1,0,1
345,0,2,1,0,0,0,1,0,0,0,0,0,0,0,0,0,1
346,1,2,0,0,0,0,1,0,0,0,0,0,0,0,1,0,1
347,1,2,0,0,0,0,1,0,0,0,0,0,0,0,0,0,1
348,1,3,0,1,0,0,1,0,1,0,0,0,0,0,0,0,1
349,1,3,1,1,1,0,1,0,1,0,0,0,0,0,0,1,1
350,0,3,1,0,0,0,1,0,0,0,0,1,0,0,0,0,1
351,0,3,1,0,0,0,1,0,0,0,0,0,0,0,1,0,1
352,0,1,1,0,0,0,1,0,0,0,0,0,0,0,0,0,1
353,0,3,1,1,1,0,0,0,1,0,0,0,0,1,0,0,1
354,0,3,1,1,0,0,1,0,1,0,0,0,0,0,1,0,1
355,0,3,1,0,0,0,0,0,0,0,0,0,0,0,0,0,1
356,0,3,1,0,0,0,1,0,0,0,0,0,0,0,0,0,1
357,1,1,0,0,1,0,1,0,1,0,0,0,0,0,1,0,1
358,0,2,0,0,0,0,1,0,0,0,0,0,0,0,0,0,1
359,1,3,0,0,0,1,0,0,0,0,0,0,0,0,0,0,1
360,1,3,0,0,0,1,0,0,0,0,0,0,0,0,0,0,1
361,0,3,1,1,4,0,1,1,0,0,0,0,0,0,0,0,1
362,0,2,1,1,0,0,0,0,1,0,0,0,0,0,0,0,1
363,0,3,0,0,1,0,0,0,1,0,0,1,0,0,0,0,1
364,0,3,1,0,0,0,1,0,0,0,0,0,0,0,0,0,1
365,0,3,1,1,0,1,0,0,1,0,0,0,0,0,0,0,1
366,0,3,1,0,0,0,1,0,0,0,0,0,0,0,0,0,1
367,1,1,0,1,0,0,0,0,1,0,0,0,1,0,0,0,1
368,1,3,0,0,0,0,0,0,0,0,0,0,0,0,0,0,1
369,1,3,0,0,0,1,0,0,0,0,0,0,0,0,0,0,1
370,1,1,0,0,0,0,0,0,0,0,0,0,0,0,1,0,1
371,1,1,1,1,0,0,0,0,1,0,0,0,0,0,1,0,1
372,0,3,1,1,0,0,1,0,1,0,0,0,0,1,0,0,1
373,0,3,1,0,0,0,1,0,0,0,0,0,0,1,0,0,1
374,0,1,1,0,0,0,0,0,0,0,0,0,0,0,1,0,1
375,0,3,0,3,1,0,1,1,0,0,0,0,0,0,0,1,1
376,1,1,0,1,0,0,0,0,1,0,0,0,0,0,0,0,1
377,1,3,0,0,0,0,1,0,0,0,0,0,0,0,1,0,1
378,0,1,1,0,2,0,0,0,1,0,0,0,0,0,0,0,1
379,0,3,1,0,0,0,0,0,0,0,0,0,0,0,1,0,1
380,0,3,1,0,0,0,1,0,0,0,0,0,0,1,0,0,1
381,1,1,0,0,0,0,0,0,0,0,0,1,0,0,0,0,1
382,1,3,0,0,2,0,0,0,1,0,1,0,0,0,0,0,1
383,0,3,1,0,0,0,1,0,0,0,0,0,0,0,0,0,1
384,1,1,0,1,0,0,1,0,1,0,0,0,0,0,0,0,1
385,0,3,1,0,0,0,1,0,0,0,0,0,0,0,0,0,1
386,0,2,1,0,0,0,1,0,0,0,0,0,0,1,0,0,1
387,0,3,1,5,2,0,1,1,0,0,1,0,0,0,0,0,1
388,1,2,0,0,0,0,1,0,0,0,0,0,0,0,0,0,1
389,0,3,1,0,0,1,0,0,0,0,0,0,0,0,0,0,1
390,1,2,0,0,0,0,0,0,0,0,0,0,0,1,0,0,1
391,1,1,1,1,2,0,1,0,1,0,0,0,0,0,0,0,1
392,1,3,1,0,0,0,1,0,0,0,0,0,0,0,1,0,1
393,0,3,1,2,0,0,1,0,1,0,0,0,0,0,0,0,1
394,1,1,0,1,0,0,0,0,1,0,0,0,0,0,1,0,1
395,1,3,0,0,2,0,1,0,1,0,0,0,0,0,1,0,1
396,0,3,1,0,0,0,1,0,0,0,0,0,0,0,1,0,1
397,0,3,0,0,0,0,1,0,0,0,0,0,0,0,0,0,1
398,0,2,1,0,0,0,1,0,0,0,0,1,0,0,0,0,1
399,0,2,1,0,0,0,1,0,0,0,0,0,0,0,1,0,1
400,1,2,0,0,0,0,1,0,0,0,0,0,0,0,0,0,1
401,1,3,1,0,0,0,1,0,0,0,0,0,0,0,0,0,1
402,0,3,1,0,0,0,1,0,0,0,0,0,0,0,0,0,1
403,0,3,0,1,0,0,1,0,1,0,0,0,0,0,1,0,1
404,0,3,1,1,0,0,1,0,1,0,0,0,0,0,0,0,1
405,0,3,0,0,0,0,1,0,0,0,0,0,0,0,1,0,1
406,0,2,1,1,0,0,1,0,1,0,0,0,0,0,0,0,1
407,0,3,1,0,0,0,1,0,0,0,0,1,0,0,0,0,1
408,1,2,1,1,1,0,1,0,1,0,0,0,0,0,0,1,1
409,0,3,1,0,0,0,1,0,0,0,0,0,0,0,1,0,1
410,0,3,0,3,1,0,1,1,0,0,0,0,0,0,0,0,1
411,0,3,1,0,0,0,1,0,0,0,0,0,0,0,0,0,1
412,0,3,1,0,0,1,0,0,0,0,0,0,0,0,0,0,1
413,1,1,0,1,0,1,0,0,1,0,0,0,0,0,0,0,1
414,0,2,1,0,0,0,1,0,0,0,0,0,0,0,0,0,1
415,1,3,1,0,0,0,1,0,0,0,0,1,0,0,0,0,1
416,0,3,0,0,0,0,1,0,0,0,0,0,0,0,0,0,1
417,1,2,0,1,1,0,1,0,1,0,0,0,0,0,0,0,1
418,1,2,0,0,2,0,1,0,1,0,0,0,0,1,0,0,1
419,0,2,1,0,0,0,1,0,0,0,0,0,0,0,0,0,1
420,0,3,0,0,2,0,1,0,1,1,0,0,0,0,0,0,1
421,0,3,1,0,0,0,0,0,0,0,0,0,0,0,0,0,1
422,0,3,1,0,0,1,0,0,0,0,0,0,0,0,1,0,1
423,0,3,1,0,0,0,1,0,0,0,0,0,0,0,0,0,1
424,0,3,0,1,1,0,1,0,1,0,0,0,0,0,0,0,1
425,0,3,1,1,1,0,1,0,1,0,0,0,0,1,0,0,1
426,0,3,1,0,0,0,1,0,0,0,0,0,0,0,0,0,1
427,1,2,0,1,0,0,1,0,1,0,0,0,0,0,0,0,1
428,1,2,0,0,0,0,1,0,0,0,0,0,0,1,0,0,1
429,0,3,1,0,0,1,0,0,0,0,0,0,0,0,0,0,1
430,1,3,1,0,0,0,1,0,0,0,0,0,0,0,0,0,1
431,1,1,1,0,0,0,1,0,0,0,0,0,0,0,0,0,1
432,1,3,0,1,0,0,1,0,1,0,0,0,0,0,0,0,1
433,1,2,0,1,0,0,1,0,1,0,0,1,0,0,0,0,1
434,0,3,1,0,0,0,1,0,0,0,0,0,0,1,0,0,1
435,0,1,1,1,0,0,1,0,1,0,0,1,0,0,0,0,1
436,1,1,0,1,2,0,1,0,1,1,0,0,0,0,0,0,1
437,0,3,0,2,2,0,1,1,0,0,0,0,0,0,1,0,1
438,1,2,0,2,3,0,1,1,0,0,0,0,0,0,1,0,1
439,0,1,1,1,4,0,1,1,0,0,0,0,1,0,0,0,1
440,0,2,1,0,0,0,1,0,0,0,0,0,0,0,0,0,1
441,1,2,0,1,1,0,1,0,1,0,0,1,0,0,0,0,1
442,0,3,1,0,0,0,1,0,0,0,0,0,0,0,1,0,1
443,0,3,1,1,0,0,1,0,1,0,0,0,0,0,1,0,1
444,1,2,0,0,0,0,1,0,0,0,0,0,0,0,0,0,1
445,1,3,1,0,0,0,1,0,0,0,0,0,0,0,0,0,1
446,1,1,1,0,2,0,1,0,1,0,0,0,0,0,0,1,1
447,1,2,0,0,1,0,1,0,1,1,0,0,0,0,0,0,1
448,1,1,1,0,0,0,1,0,0,0,0,0,0,0,0,0,1
449,1,3,0,2,1,0,0,0,1,1,0,0,0,0,0,0,1
450,1,1,1,0,0,0,1,0,0,0,0,1,0,0,0,0,1
451,0,2,1,1,2,0,1,0,1,0,0,0,0,0,0,0,1
452,0,3,1,1,0,0,1,0,1,0,0,0,0,0,0,0,1
453,0,1,1,0,0,0,0,0,0,0,0,0,0,0,0,0,1
454,1,1,1,1,0,0,0,0,1,0,0,1,0,0,0,0,1
455,0,3,1,0,0,0,1,0,0,0,0,0,0,0,0,0,1
456,1,3,1,0,0,0,0,0,0,0,0,0,0,0,0,0,1
457,0,1,1,0,0,0,1,0,0,0,0,0,1,0,0,0,1
458,1,1,0,1,0,0,1,0,1,0,0,0,0,0,0,0,1
459,1,2,0,0,0,0,1,0,0,0,0,1,0,0,0,0,1
460,0,3,1,0,0,1,0,0,0,0,0,0,0,0,0,0,1
461,1,1,1,0,0,0,1,0,0,0,0,1,0,0,0,0,1
462,0,3,1,0,0,0,1,0,0,0,0,0,0,0,0,0,1
463,0,1,1,0,0,0,1,0,0,0,0,1,0,0,0,0,1
464,0,2,1,0,0,0,1,0,0,0,0,1,0,0,0,0,1
465,0,3,1,0,0,0,1,0,0,0,0,0,0,0,0,0,1
466,0,3,1,0,0,0,1,0,0,0,0,0,0,0,0,0,1
467,0,2,1,0,0,0,1,0,0,0,0,0,0,0,0,0,1
468,0,1,1,0,0,0,1,0,0,0,0,0,1,0,0,0,1
469,0,3,1,0,0,1,0,0,0,0,0,0,0,0,0,0,1
470,1,3,0,2,1,0,0,0,1,0,1,0,0,0,0,0,1
471,0,3,1,0,0,0,1,0,0,0,0,0,0,0,0,0,1
472,0,3,1,0,0,0,1,0,0,0,0,0,0,0,0,0,1
473,1,2,0,1,2,0,1,0,1,0,0,0,0,0,0,0,1
474,1,2,0,0,0,0,0,0,0,0,0,0,0,0,1,0,1
475,0,3,0,0,0,0,1,0,0,0,0,0,0,0,1,0,1
476,0,1,1,0,0,0,1,0,0,0,0,0,0,0,0,0,1
477,0,2,1,1,0,0,1,0,1,0,0,0,0,0,0,0,1
478,0,3,1,1,0,0,1,0,1,0,0,0,0,0,0,0,1
479,0,3,1,0,0,0,1,0,0,0,0,0,0,0,1,0,1
480,1,3,0,0,1,0,1,0,1,0,0,0,0,0,0,1,1
481,0,3,1,5,2,0,1,1,0,1,0,0,0,0,0,0,1
482,0,2,1,0,0,0,1,0,0,0,0,0,0,0,0,0,1
483,0,3,1,0,0,0,1,0,0,0,0,1,0,0,0,0,1
484,1,3,0,0,0,0,1,0,0,0,0,0,1,0,0,0,1
485,1,1,1,1,0,0,0,0,1,0,0,0,0,0,1,0,1
486,0,3,0,3,1,0,1,1,0,0,0,0,0,0,0,0,1
487,1,1,0,1,0,0,1,0,1,0,0,0,0,0,0,0,1
488,0,1,1,0,0,0,0,0,0,0,0,0,1,0,0,0,1
489,0,3,1,0,0,0,1,0,0,0,0,0,0,0,0,0,1
490,1,3,1,1,1,0,1,0,1,1,0,0,0,0,0,0,1
491,0,3,1,1,0,0,1,0,1,0,0,0,0,0,0,0,1
492,0,3,1,0,0,0,1,0,0,0,0,0,0,0,1,0,1
493,0,1,1,0,0,0,1,0,0,0,0,1,0,0,0,0,1
494,0,1,1,0,0,0,0,0,0,0,0,0,1,0,0,0,1
495,0,3,1,0,0,0,1,0,0,0,0,0,0,0,1,0,1
496,0,3,1,0,0,0,0,0,0,0,0,0,0,0,0,0,1
497,1,1,0,1,0,0,0,0,1,0,0,1,0,0,0,0,1
498,0,3,1,0,0,0,1,0,0,0,0,0,0,0,0,0,1
499,0,1,0,1,2,0,1,0,1,0,0,0,0,0,1,0,1
500,0,3,1,0,0,0,1,0,0,0,0,0,0,0,1,0,1
501,0,3,1,0,0,0,1,0,0,0,0,0,0,1,0,0,1
502,0,3,0,0,0,1,0,0,0,0,0,0,0,0,1,0,1
503,0,3,0,0,0,1,0,0,0,0,0,0,0,0,0,0,1
504,0,3,0,0,0,0,1,0,0,0,0,0,0,0,0,0,1
505,1,1,0,0,0,0,1,0,0,0,0,0,0,1,0,0,1
506,0,1,1,1,0,0,0,0,1,0,0,0,0,1,0,0,1
507,1,2,0,0,2,0,1,0,1,0,0,0,0,0,0,0,1
508,1,1,1,0,0,0,1,0,0,0,0,0,0,0,0,0,1
509,0,3,1,0,0,0,1,0,0,0,0,0,0,0,0,0,1
510,1,3,1,0,0,0,1,0,0,0,0,0,0,0,0,0,1
511,1,3,1,0,0,1,0,0,0,0,0,0,0,0,0,0,1
512,0,3,1,0,0,0,1,0,0,0,0,0,0,0,0,0,1
513,1,1,1,0,0,0,1,0,0,0,0,0,0,0,0,0,1
514,1,1,0,1,0,0,0,0,1,0,0,1,0,0,0,0,1
515,0,3,1,0,0,0,1,0,0,0,0,0,0,0,1,0,1
516,0,1,1,0,0,0,1,0,0,0,0,1,0,0,0,0,1
517,1,2,0,0,0,0,1,0,0,0,0,0,0,0,0,0,1
518,0,3,1,0,0,1,0,0,0,0,0,0,0,0,0,0,1
519,1,2,0,1,0,0,1,0,1,0,0,0,0,0,0,0,1
520,0,3,1,0,0,0,1,0,0,0,0,0,0,0,0,0,1
521,1,1,0,0,0,0,1,0,0,0,0,0,0,0,0,0,1
522,0,3,1,0,0,0,1,0,0,0,0,0,0,0,1,0,1
523,0,3,1,0,0,0,0,0,0,0,0,0,0,0,0,0,1
524,1,1,0,0,1,0,0,0,1,0,0,1,0,0,0,0,1
525,0,3,1,0,0,0,0,0,0,0,0,0,0,0,0,0,1
526,0,3,1,0,0,1,0,0,0,0,0,1,0,0,0,0,1
527,1,2,0,0,0,0,1,0,0,0,0,1,0,0,0,0,1
528,0,1,1,0,0,0,1,0,0,0,0,0,0,0,0,0,1
529,0,3,1,0,0,0,1,0,0,0,0,0,0,0,0,0,1
530,0,2,1,2,1,0,1,0,1,0,0,0,0,0,1,0,1
531,1,2,0,1,1,0,1,0,1,0,0,0,0,0,0,1,1
532,0,3,1,0,0,0,0,0,0,0,0,0,0,0,0,0,1
533,0,3,1,1,1,0,0,0,1,0,0,0,0,1,0,0,1
534,1,3,0,0,2,0,0,0,1,0,0,0,0,0,0,0,1
535,0,3,0,0,0,0,1,0,0,0,0,0,0,0,0,0,1
536,1,2,0,0,2,0,1,0,1,1,0,0,0,0,0,0,1
537,0,1,1,0,0,0,1,0,0,0,0,1,0,0,0,0,1
538,1,1,0,0,0,0,0,0,0,0,0,0,0,0,0,0,1
539,0,3,1,0,0,0,1,0,0,0,0,0,0,0,0,0,1
540,1,1,0,0,2,0,0,0,1,0,0,0,0,0,1,0,1
541,1,1,0,0,2,0,1,0,1,0,0,0,0,0,0,0,1
542,0,3,0,4,2,0,1,1,0,1,0,0,0,0,0,0,1
543,0,3,0,4,2,0,1,1,0,1,0,0,0,0,0,0,1
544,1,2,1,1,0,0,1,0,1,0,0,0,0,0,0,0,1
545,0,1,1,1,0,0,0,0,1,0,0,1,0,0,0,0,1
546,0,1,1,0,0,0,1,0,0,0,0,0,1,0,0,0,1
547,1,2,0,1,0,0,1,0,1,0,0,0,0,1,0,0,1
548,1,2,1,0,0,0,0,0,0,0,0,0,0,0,0,0,1
549,0,3,1,1,1,0,1,0,1,0,0,0,0,0,0,0,1
550,1,2,1,1,1,0,1,0,1,1,0,0,0,0,0,0,1
551,1,1,1,0,2,0,0,0,1,0,0,0,0,1,0,0,1
552,0,2,1,0,0,0,1,0,0,0,0,0,0,0,0,0,1
553,0,3,1,0,0,1,0,0,0,0,0,0,0,0,0,0,1
554,1,3,1,0,0,0,0,0,0,0,0,0,0,0,1,0,1
555,1,3,0,0,0,0,1,0,0,0,0,0,0,0,1,0,1
556,0,1,1,0,0,0,1,0,0,0,0,0,1,0,0,0,1
557,1,1,0,1,0,0,0,0,1,0,0,1,0,0,0,0,1
558,0,1,1,0,0,0,0,0,0,0,0,0,0,0,0,0,1
559,1,1,0,1,1,0,1,0,1,0,0,0,0,0,0,0,1
560,1,3,0,1,0,0,1,0,1,0,0,0,0,0,0,0,1
561,0,3,1,0,0,1,0,0,0,0,0,0,0,0,0,0,1
562,0,3,1,0,0,0,1,0,0,0,0,0,0,0,0,0,1
563,0,2,1,0,0,0,1,0,0,0,0,0,0,0,0,0,1
564,0,3,1,0,0,0,1,0,0,0,0,0,0,0,0,0,1
565,0,3,0,0,0,0,1,0,0,0,0,0,0,0,0,0,1
566,0,3,1,2,0,0,1,0,1,0,0,0,0,0,1,0,1
567,0,3,1,0,0,0,1,0,0,0,0,0,0,1,0,0,1
568,0,3,0,0,4,0,1,1,0,0,0,0,0,0,0,0,1
569,0,3,1,0,0,0,0,0,0,0,0,0,0,0,0,0,1
570,1,3,1,0,0,0,1,0,0,0,0,0,0,0,0,0,1
571,1,2,1,0,0,0,1,0,0,0,0,0,1,0,0,0,1
572,1,1,0,2,0,0,1,0,1,0,0,1,0,0,0,0,1
573,1,1,1,0,0,0,1,0,0,0,0,0,0,0,0,0,1
574,1,3,0,0,0,1,0,0,0,0,0,0,0,0,0,0,1
575,0,3,1,0,0,0,1,0,0,0,0,0,0,1,0,0,1
576,0,3,1,0,0,0,1,0,0,0,0,0,0,1,0,0,1
577,1,2,0,0,0,0,1,0,0,0,0,0,0,0,0,0,1
578,1,1,0,1,0,0,1,0,1,0,0,0,0,0,0,0,1
579,0,3,0,1,0,0,0,0,1,0,0,0,0,0,0,0,1
580,1,3,1,0,0,0,1,0,0,0,0,0,0,0,0,0,1
581,1,2,0,1,1,0,1,0,1,0,0,0,0,0,1,0,1
582,1,1,0,1,1,0,0,0,1,0,0,0,0,0,0,0,1
583,0,2,1,0,0,0,1,0,0,0,0,1,0,0,0,0,1
584,0,1,1,0,0,0,0,0,0,0,0,0,0,0,0,0,1
585,0,3,1,0,0,0,0,0,0,0,0,0,0,0,0,0,1
586,1,1,0,0,2,0,1,0,1,0,0,0,0,1,0,0,1
587,0,2,1,0,0,0,1,0,0,0,0,1,0,0,0,0,1
588,1,1,1,1,1,0,0,0,1,0,0,0,1,0,0,0,1
589,0,3,1,0,0,0,1,0,0,0,0,0,0,0,1,0,1
590,0,3,1,0,0,0,1,0,0,0,0,0,0,0,0,0,1
591,0,3,1,0,0,0,1,0,0,0,0,0,0,0,0,0,1
592,1,1,0,1,0,0,0,0,1,0,0,1,0,0,0,0,1
593,0,3,1,0,0,0,1,0,0,0,0,1,0,0,0,0,1
594,0,3,0,0,2,1,0,0,1,0,0,0,0,0,0,0,1
595,0,2,1,1,0,0,1,0,1,0,0,0,0,0,0,0,1
596,0,3,1,1,1,0,1,0,1,0,0,0,0,0,0,0,1
597,1,2,0,0,0,0,1,0,0,0,0,0,0,0,0,0,1
598,0,3,1,0,0,0,1,0,0,0,0,1,0,0,0,0,1
599,0,3,1,0,0,0,0,0,0,0,0,0,0,0,0,0,1
600,1,1,1,1,0,0,0,0,1,0,0,1,0,0,0,0,1
601,1,2,0,2,1,0,1,0,1,0,0,0,0,0,1,0,1
602,0,3,1,0,0,0,1,0,0,0,0,0,0,0,0,0,1
603,0,1,1,0,0,0,1,0,0,0,0,0,0,0,0,0,1
604,0,3,1,0,0,0,1,0,0,0,0,1,0,0,0,0,1
605,1,1,1,0,0,0,0,0,0,0,0,0,0,0,0,0,1
606,0,3,1,1,0,0,1,0,1,0,0,0,0,0,0,0,1
607,0,3,1,0,0,0,1,0,0,0,0,0,0,0,0,0,1
608,1,1,1,0,0,0,1,0,0,0,0,0,0,0,0,0,1
609,1,2,0,1,2,0,0,0,1,0,0,0,0,0,1,0,1
610,1,1,0,0,0,0,1,0,0,0,0,0,0,0,0,0,1
611,0,3,0,1,5,0,1,1,0,0,0,0,0,0,0,0,1
612,0,3,1,0,0,0,1,0,0,0,0,0,0,0,0,0,1
613,1,3,0,1,0,1,0,0,1,0,0,0,0,0,0,0,1
614,0,3,1,0,0,1,0,0,0,0,0,0,0,0,0,0,1
615,0,3,1,0,0,0,1,0,0,0,0,0,0,0,0,0,1
616,1,2,0,1,2,0,1,0,1,0,0,0,0,0,1,0,1
617,0,3,1,1,1,0,1,0,1,0,0,0,0,0,0,0,1
618,0,3,0,1,0,0,1,0,1,0,0,0,0,0,0,0,1
619,1,2,0,2,1,0,1,0,1,0,0,0,0,0,0,1,1
620,0,2,1,0,0,0,1,0,0,0,0,0,0,0,0,0,1
621,0,3,1,1,0,0,0,0,1,0,0,0,0,0,0,0,1
622,1,1,1,1,0,0,1,0,1,0,0,1,0,0,0,0,1
623,1,3,1,1,1,0,0,0,1,0,0,0,0,0,1,0,1
624,0,3,1,0,0,0,1,0,0,0,0,0,0,0,1,0,1
625,0,3,1,0,0,0,1,0,0,0,0,0,0,0,1,0,1
626,0,1,1,0,0,0,1,0,0,0,0,0,1,0,0,0,1
627,0,2,1,0,0,1,0,0,0,0,0,0,1,0,0,0,1
628,1,1,0,0,0,0,1,0,0,0,0,0,0,0,1,0,1
629,0,3,1,0,0,0,1,0,0,0,0,0,0,0,0,0,1
630,0,3,1,0,0,1,0,0,0,0,0,0,0,0,0,0,1
631,1,1,1,0,0,0,1,0,0,0,0,0,1,0,0,0,1
632,0,3,1,0,0,0,1,0,0,0,0,1,0,0,0,0,1
633,1,1,1,0,0,0,0,0,0,0,0,0,0,0,0,0,1
634,0,1,1,0,0,0,1,0,0,0,0,0,0,0,0,0,1
635,0,3,0,3,2,0,1,1,0,1,0,0,0,0,0,0,1
636,1,2,0,0,0,0,1,0,0,0,0,0,0,0,0,0,1
637,0,3,1,0,0,0,1,0,0,0,0,0,0,0,0,0,1
638,0,2,1,1,1,0,1,0,1,0,0,0,0,0,0,0,1
639,0,3,0,0,5,0,1,1,0,0,0,1,0,0,0,0,1
640,0,3,1,1,0,0,1,0,1,0,0,0,0,0,0,0,1
641,0,3,1,0,0,0,1,0,0,0,0,0,0,0,1,0,1
642,1,1,0,0,0,0,0,0,0,0,0,0,0,0,1,0,1
643,0,3,0,3,2,0,1,1,0,0,0,0,0,0,0,1,1
644,1,3,1,0,0,0,1,0,0,0,0,0,0,0,0,0,1
645,1,3,0,2,1,0,0,0,1,0,1,0,0,0,0,0,1
646,1,1,1,1,0,0,0,0,1,0,0,1,0,0,0,0,1
647,0,3,1,0,0,0,1,0,0,0,0,0,0,1,0,0,1
648,1,1,1,0,0,0,0,0,0,0,0,0,1,0,0,0,1
649,0,3,1,0,0,0,1,0,0,0,0,0,0,0,0,0,1
650,1,3,0,0,0,0,1,0,0,0,0,0,0,0,1,0,1
651,0,3,1,0,0,0,1,0,0,0,0,0,0,0,0,0,1
652,1,2,0,0,1,0,1,0,1,0,0,0,0,1,0,0,1
653,0,3,1,0,0,0,1,0,0,0,0,0,0,0,1,0,1
654,1,3,0,0,0,1,0,0,0,0,0,0,0,0,0,0,1
655,0,3,0,0,0,1,0,0,0,0,0,0,0,1,0,0,1
656,0,2,1,2,0,0,1,0,1,0,0,0,0,0,1,0,1
657,0,3,1,0,0,0,1,0,0,0,0,0,0,0,0,0,1
658,0,3,0,1,1,1,0,0,1,0,0,0,0,0,0,0,1
659,0,2,1,0,0,0,1,0,0,0,0,0,0,0,1,0,1
660,0,1,1,0,2,0,0,0,1,0,0,0,1,0,0,0,1
661,1,1,1,2,0,0,1,0,1,0,0,1,0,0,0,0,1
662,0,3,1,0,0,0,0,0,0,0,0,0,0,0,0,0,1
663,0,1,1,0,0,0,1,0,0,0,0,1,0,0,0,0,1
664,0,3,1,0,0,0,1,0,0,0,0,0,0,0,0,0,1
665,1,3,1,1,0,0,1,0,1,0,0,0,0,0,1,0,1
666,0,2,1,2,0,0,1,0,1,0,0,0,0,0,0,0,1
667,0,2,1,0,0,0,1,0,0,0,0,0,0,0,1,0,1
668,0,3,1,0,0,0,1,0,0,0,0,0,0,0,0,0,1
669,0,3,1,0,0,0,1,0,0,0,0,1,0,0,0,0,1
670,1,1,0,1,0,0,1,0,1,0,0,0,0,0,0,0,1
671,1,2,0,1,1,0,1,0,1,0,0,0,0,0,0,0,1
672,0,1,1,1,0,0,1,0,1,0,0,0,0,0,0,0,1
673,0,2,1,0,0,0,1,0,0,0,0,0,1,0,0,0,1
674,1,2,1,0,0,0,1,0,0,0,0,0,0,0,0,0,1
675,0,2,1,0,0,0,1,0,0,0,0,0,0,0,0,0,1
676,0,3,1,0,0,0,1,0,0,0,0,0,0,1,0,0,1
677,0,3,1,0,0,0,1,0,0,0,0,0,0,0,1,0,1
678,1,3,0,0,0,0,1,0,0,0,0,0,0,1,0,0,1
679,0,3,0,1,6,0,1,1,0,0,0,1,0,0,0,0,1
680,1,1,1,0,1,0,0,0,1,0,0,0,0,0,0,0,0
681,0,3,0,0,0,1,0,0,0,0,0,0,0,0,0,0,1
682,1,1,1,0,0,0,0,0,0,0,0,0,0,0,0,0,1
683,0,3,1,0,0,0,1,0,0,0,0,0,0,0,1,0,1
684,0,3,1,5,2,0,1,1,0,1,0,0,0,0,0,0,1
685,0,2,1,1,1,0,1,0,1,0,0,0,1,0,0,0,1
686,0,2,1,1,2,0,0,0,1,0,0,0,0,0,1,0,1
687,0,3,1,4,1,0,1,1,0,1,0,0,0,0,0,0,1
688,0,3,1,0,0,0,1,0,0,0,0,0,0,1,0,0,1
689,0,3,1,0,0,0,1,0,0,0,0,0,0,1,0,0,1
690,1,1,0,0,1,0,1,0,1,0,0,0,0,1,0,0,1
691,1,1,1,1,0,0,1,0,1,0,0,0,0,0,0,0,1
692,1,3,0,0,1,0,0,0,1,0,0,0,0,0,0,1,1
693,1,3,1,0,0,0,1,0,0,0,0,0,0,0,0,0,1
694,0,3,1,0,0,0,0,0,0,0,0,0,0,0,1,0,1
695,0,1,1,0,0,0,1,0,0,0,0,0,1,0,0,0,1
696,0,2,1,0,0,0,1,0,0,0,0,1,0,0,0,0,1
697,0,3,1,0,0,0,1,0,0,0,0,1,0,0,0,0,1
698,1,3,0,0,0,1,0,0,0,0,0,0,0,0,0,0,1
699,0,1,1,1,1,0,0,0,1,0,0,1,0,0,0,0,1
700,0,3,1,0,0,0,1,0,0,0,0,1,0,0,0,0,1
701,1,1,0,1,0,0,0,0,1,0,0,0,0,1,0,0,1
702,1,1,1,0,0,0,1,0,0,0,0,0,0,0,0,0,1
703,0,3,0,0,1,0,0,0,1,0,0,0,0,1,0,0,1
704,0,3,1,0,0,1,0,0,0,0,0,0,0,0,1,0,1
705,0,3,1,1,0,0,1,0,1,0,0,0,0,0,0,0,1
706,0,2,1,0,0,0,1,0,0,0,0,0,0,0,0,0,1
707,1,2,0,0,0,0,1,0,0,0,0,1,0,0,0,0,1
708,1,1,1,0,0,0,1,0,0,0,0,1,0,0,0,0,1
709,1,1,0,0,0,0,1,0,0,0,0,0,0,0,1,0,1
710,1,3,1,1,1,0,0,0,1,0,0,0,0,0,0,0,1
711,1,1,0,0,0,0,0,0,0,0,0,0,0,0,1,0,1
712,0,1,1,0,0,0,1,0,0,0,0,0,0,0,0,0,1
713,1,1,1,1,0,0,1,0,1,0,0,1,0,0,0,0,1
714,0,3,1,0,0,0,1,0,0,0,0,0,0,0,0,0,1
715,0,2,1,0,0,0,1,0,0,0,0,1,0,0,0,0,1
716,0,3,1,0,0,0,1,0,0,0,0,0,0,1,0,0,1
717,1,1,0,0,0,0,0,0,0,0,0,0,0,0,0,0,1
718,1,2,0,0,0,0,1,0,0,0,0,0,0,0,0,0,1
719,0,3,1,0,0,1,0,0,0,0,0,0,0,0,0,0,1
720,0,3,1,0,0,0,1,0,0,0,0,0,0,0,0,0,1
721,1,2,0,0,1,0,1,0,1,1,0,0,0,0,0,0,1
722,0,3,1,1,0,0,1,0,1,0,0,0,0,1,0,0,1
723,0,2,1,0,0,0,1,0,0,0,0,0,0,0,0,0,1
724,0,2,1,0,0,0,1,0,0,0,0,1,0,0,0,0,1
725,1,1,1,1,0,0,1,0,1,0,0,0,0,0,0,0,1
726,0,3,1,0,0,0,1,0,0,0,0,0,0,0,1,0,1
727,1,2,0,3,0,0,1,0,1,0,0,0,0,0,0,0,1
728,1,3,0,0,0,1,0,0,0,0,0,0,0,0,0,0,1
729,0,2,1,1,0,0,1,0,1,0,0,0,0,0,1,0,1
730,0,3,0,1,0,0,1,0,1,0,0,0,0,0,1,0,1
731,1,1,0,0,0,0,1,0,0,0,0,0,0,0,0,0,1
732,0,3,1,0,0,0,0,0,0,1,0,0,0,0,0,0,1
733,0,2,1,0,0,0,1,0,0,0,0,0,0,0,0,0,1
734,0,2,1,0,0,0,1,0,0,0,0,0,0,0,1,0,1
735,0,2,1,0,0,0,1,0,0,0,0,0,0,0,1,0,1
736,0,3,1,0,0,0,1,0,0,0,0,0,0,0,0,0,1
737,0,3,0,1,3,0,1,1,0,0,0,1,0,0,0,0,1
738,1,1,1,0,0,0,0,0,0,0,0,0,0,0,0,0,0
739,0,3,1,0,0,0,1,0,0,0,0,0,0,0,0,0,1
740,0,3,1,0,0,0,1,0,0,0,0,0,0,0,0,0,1
741,1,1,1,0,0,0,1,0,0,0,0,0,0,0,0,0,1
742,0,1,1,1,0,0,1,0,1,0,0,0,0,0,0,0,1
743,1,1,0,2,2,0,0,1,0,0,0,0,0,0,1,0,1
744,0,3,1,1,0,0,1,0,1,0,0,0,0,0,1,0,1
745,1,3,1,0,0,0,1,0,0,0,0,0,0,0,0,0,1
746,0,1,1,1,1,0,1,0,1,0,0,0,1,0,0,0,1
747,0,3,1,1,1,0,1,0,1,0,0,0,0,1,0,0,1
748,1,2,0,0,0,0,1,0,0,0,0,0,0,0,0,0,1
749,0,1,1,1,0,0,1,0,1,0,0,0,0,1,0,0,1
750,0,3,1,0,0,1,0,0,0,0,0,0,0,0,0,0,1
751,1,2,0,1,1,0,1,0,1,0,0,0,0,0,0,1,1
752,1,3,1,0,1,0,1,0,1,1,0,0,0,0,0,0,1
753,0,3,1,0,0,0,1,0,0,0,0,0,0,0,0,0,1
754,0,3,1,0,0,0,1,0,0,0,0,0,0,0,1,0,1
755,1,2,0,1,2,0,1,0,1,0,0,1,0,0,0,0,1
756,1,2,1,1,1,0,1,0,1,0,1,0,0,0,0,0,1
757,0,3,1,0,0,0,1,0,0,0,0,0,0,0,0,0,1
758,0,2,1,0,0,0,1,0,0,0,0,0,0,1,0,0,1
759,0,3,1,0,0,0,1,0,0,0,0,0,0,0,0,0,1
760,1,1,0,0,0,0,1,0,0,0,0,0,0,0,0,0,1
761,0,3,1,0,0,0,1,0,0,0,0,0,0,0,0,0,1
762,0,3,1,0,0,0,1,0,0,0,0,1,0,0,0,0,1
763,1,3,1,0,0,0,0,0,0,0,0,0,0,0,1,0,1
764,1,1,0,1,2,0,1,0,1,0,0,0,0,0,0,0,1
765,0,3,1,0,0,0,1,0,0,0,0,0,0,1,0,0,1
766,1,1,0,1,0,0,1,0,1,0,0,1,0,0,0,0,1
767,0,1,1,0,0,0,0,0,0,0,0,0,0,0,0,0,1
768,0,3,0,0,0,1,0,0,0,0,0,0,0,0,0,0,1
769,0,3,1,1,0,1,0,0,1,0,0,0,0,0,0,0,1
770,0,3,1,0,0,0,1,0,0,0,0,0,0,0,0,0,1
771,0,3,1,0,0,0,1,0,0,0,0,0,0,0,1,0,1
772,0,3,1,0,0,0,1,0,0,0,0,1,0,0,0,0,1
773,0,2,0,0,0,0,1,0,0,0,0,0,1,0,0,0,1
774,0,3,1,0,0,0,0,0,0,0,0,0,0,0,0,0,1
775,1,2,0,1,3,0,1,1,0,0,0,1,0,0,0,0,1
776,0,3,1,0,0,0,1,0,0,0,0,0,0,1,0,0,1
777,0,3,1,0,0,1,0,0,0,0,0,0,0,0,0,0,1
778,1,3,0,0,0,0,1,0,0,1,0,0,0,0,0,0,1
779,0,3,1,0,0,1,0,0,0,0,0,0,0,0,0,0,1
780,1,1,0,0,1,0,1,0,1,0,0,1,0,0,0,0,1
781,1,3,0,0,0,0,0,0,0,1,0,0,0,0,0,0,1
782,1,1,0,1,0,0,1,0,1,0,0,0,0,1,0,0,1
783,0,1,1,0,0,0,1,0,0,0,0,0,0,0,0,0,1
784,0,3,1,1,2,0,1,0,1,0,0,0,0,0,0,0,1
785,0,3,1,0,0,0,1,0,0,0,0,0,0,0,1,0,1
786,0,3,1,0,0,0,1,0,0,0,0,0,0,0,1,0,1
787,1,3,0,0,0,0,1,0,0,0,0,0,0,1,0,0,1
788,0,3,1,4,1,1,0,1,0,1,0,0,0,0,0,0,1
789,1,3,1,1,2,0,1,0,1,0,1,0,0,0,0,0,1
790,0,1,1,0,0,0,0,0,0,0,0,1,0,0,0,0,1
791,0,3,1,0,0,1,0,0,0,0,0,0,0,0,0,0,1
792,0,2,1,0,0,0,1,0,0,0,0,0,0,1,0,0,1
793,0,3,0,8,2,0,1,1,0,0,0,0,0,0,0,0,1
794,0,1,1,0,0,0,0,0,0,0,0,0,0,0,0,0,1
795,0,3,1,0,0,0,1,0,0,0,0,0,0,0,1,0,1
796,0,2,1,0,0,0,1,0,0,0,0,0,0,0,0,0,1
797,1,1,0,0,0,0,1,0,0,0,0,1,0,0,0,0,1
798,1,3,0,0,0,0,1,0,0,0,0,0,0,0,0,0,1
799,0,3,1,0,0,0,0,0,0,0,0,0,0,0,0,0,1
800,0,3,0,1,1,0,1,0,1,0,0,0,0,0,0,0,1
801,0,2,1,0,0,0,1,0,0,0,0,0,0,0,0,0,1
802,1,2,0,1,1,0,1,0,1,0,0,0,0,0,0,0,1
803,1,1,1,1,2,0,1,0,1,1,0,0,0,0,0,0,1
804,1,3,1,0,1,0,0,0,1,0,1,0,0,0,0,0,1
805,1,3,1,0,0,0,1,0,0,0,0,0,0,0,0,0,1
806,0,3,1,0,0,0,1,0,0,0,0,0,0,0,0,0,1
807,0,1,1,0,0,0,1,0,0,0,0,0,0,0,0,0,1
808,0,3,0,0,0,0,1,0,0,0,0,0,0,1,0,0,1
809,0,2,1,0,0,0,1,0,0,0,0,0,0,0,0,0,1
810,1,1,0,1,0,0,1,0,1,0,0,0,0,0,0,0,1
811,0,3,1,0,0,0,1,0,0,0,0,0,0,0,0,0,1
812,0,3,1,0,0,0,1,0,0,0,0,0,0,0,0,0,1
813,0,2,1,0,0,0,1,0,0,0,0,0,0,0,0,0,1
814,0,3,0,4,2,0,1,1,0,1,0,0,0,0,0,0,1
815,0,3,1,0,0,0,1,0,0,0,0,0,0,0,0,0,1
816,0,1,1,0,0,0,1,0,0,0,0,0,0,0,0,0,1
817,0,3,0,0,0,0,1,0,0,0,0,0,0,0,1,0,1
818,0,2,1,1,1,0,0,0,1,0,0,0,0,0,0,0,1
819,0,3,1,0,0,0,1,0,0,0,0,1,0,0,0,0,1
820,0,3,1,3,2,0,1,1,0,1,0,0,0,0,0,0,1
821,1,1,0,1,1,0,1,0,1,0,0,1,0,0,0,0,1
822,1,3,1,0,0,0,1,0,0,0,0,0,0,0,0,0,1
823,0,1,1,0,0,0,1,0,0,0,0,0,0,0,0,0,1
824,1,3,0,0,1,0,1,0,1,0,0,0,0,0,0,0,1
825,0,3,1,4,1,0,1,1,0,0,0,0,0,0,0,1,1
826,0,3,1,0,0,1,0,0,0,0,0,0,0,0,0,0,1
827,0,3,1,0,0,0,1,0,0,0,0,0,0,0,0,0,1
828,1,2,1,0,2,0,0,0,1,0,1,0,0,0,0,0,1
829,1,3,1,0,0,1,0,0,0,0,0,0,0,0,0,0,1
830,1,1,0,0,0,0,1,0,0,0,0,0,1,0,0,0,1
831,1,3,0,1,0,0,0,0,1,0,0,0,0,1,0,0,1
832,1,2,1,1,1,0,1,0,1,0,1,0,0,0,0,0,1
833,0,3,1,0,0,0,0,0,0,0,0,0,0,0,0,0,1
834,0,3,1,0,0,0,1,0,0,0,0,0,0,0,1,0,1
835,0,3,1,0,0,0,1,0,0,0,0,0,0,1,0,0,1
836,1,1,0,1,1,0,0,0,1,0,0,0,0,0,0,0,1
837,0,3,1,0,0,0,1,0,0,0,0,0,0,0,1,0,1
838,0,3,1,0,0,0,1,0,0,0,0,0,0,0,0,0,1
839,1,3,1,0,0,0,1,0,0,0,0,0,0,0,0,0,1
840,1,1,1,0,0,0,0,0,0,0,0,0,0,0,0,0,1
841,0,3,1,0,0,0,1,0,0,0,0,0,0,0,1,0,1
842,0,2,1,0,0,0,1,0,0,0,0,0,0,1,0,0,1
843,1,1,0,0,0,0,0,0,0,0,0,0,0,0,0,0,1
844,0,3,1,0,0,0,0,0,0,0,0,0,0,0,0,0,1
845,0,3,1,0,0,0,1,0,0,0,0,0,0,1,0,0,1
846,0,3,1,0,0,0,1,0,0,0,0,1,0,0,0,0,1
847,0,3,1,8,2,0,1,1,0,0,0,0,0,0,0,0,1
848,0,3,1,0,0,0,0,0,0,0,0,0,0,0,0,0,1
849,0,2,1,0,1,0,1,0,1,0,0,0,0,0,0,0,1
850,1,1,0,1,0,0,0,0,1,0,0,0,0,0,0,0,1
851,0,3,1,4,2,0,1,1,0,0,0,0,0,0,0,1,1
852,0,3,1,0,0,0,1,0,0,0,0,0,1,0,0,0,1
853,0,3,0,1,1,0,0,0,1,1,0,0,0,0,0,0,1
854,1,1,0,0,1,0,1,0,1,0,0,0,0,1,0,0,1
855,0,2,0,1,0,0,1,0,1,0,0,1,0,0,0,0,1
856,1,3,0,0,1,0,1,0,1,0,0,0,0,1,0,0,1
857,1,1,0,1,1,0,1,0,1,0,0,1,0,0,0,0,1
858,1,1,1,0,0,0,1,0,0,0,0,1,0,0,0,0,1
859,1,3,0,0,3,0,0,0,1,0,0,0,0,0,1,0,1
860,0,3,1,0,0,0,0,0,0,0,0,0,0,0,0,0,1
861,0,3,1,2,0,0,1,0,1,0,0,1,0,0,0,0,1
862,0,2,1,1,0,0,1,0,1,0,0,0,0,0,1,0,1
863,1,1,0,0,0,0,1,0,0,0,0,1,0,0,0,0,1
864,0,3,0,8,2,0,1,1,0,0,0,0,0,0,0,0,1
865,0,2,1,0,0,0,1,0,0,0,0,0,0,0,1,0,1
866,1,2,0,0,0,0,1,0,0,0,0,1,0,0,0,0,1
867,1,2,0,1,0,0,0,0,1,0,0,0,0,0,0,0,1
868,0,1,1,0,0,0,1,0,0,0,0,0,0,0,0,0,1
869,0,3,1,0,0,0,1,0,0,0,0,0,0,0,0,0,1
870,1,3,1,1,1,0,1,0,1,0,0,0,0,0,0,1,1
871,0,3,1,0,0,0,1,0,0,0,0,0,0,0,0,0,1
872,1,1,0,1,1,0,1,0,1,0,0,1,0,0,0,0,1
873,0,1,1,0,0,0,1,0,0,0,0,0,0,0,0,0,1
874,0,3,1,0,0,0,1,0,0,0,0,1,0,0,0,0,1
875,1,2,0,1,0,0,0,0,1,0,0,0,0,0,0,0,1
876,1,3,0,0,0,0,0,0,0,0,0,0,0,1,0,0,1
877,0,3,1,0,0,0,1,0,0,0,0,0,0,0,1,0,1
878,0,3,1,0,0,0,1,0,0,0,0,0,0,1,0,0,1
879,0,3,1,0,0,0,1,0,0,0,0,0,0,0,0,0,1
880,1,1,0,0,1,0,0,0,1,0,0,0,1,0,0,0,1
881,1,2,0,0,1,0,1,0,1,0,0,0,0,0,1,0,1
882,0,3,1,0,0,0,1,0,0,0,0,0,0,0,0,0,1
883,0,3,0,0,0,0,1,0,0,0,0,0,0,0,1,0,1
884,0,2,1,0,0,0,1,0,0,0,0,0,0,0,0,0,1
885,0,3,1,0,0,0,1,0,0,0,0,0,0,0,1,0,1
886,0,3,0,0,5,1,0,1,0,0,0,0,0,0,0,0,1
887,0,2,1,0,0,0,1,0,0,0,0,0,0,0,0,0,1
888,1,1,0,0,0,0,1,0,0,0,0,0,0,1,0,0,1
889,0,3,0,1,2,0,1,0,1,0,0,0,0,0,0,0,1
890,1,1,1,0,0,0,0,0,0,0,0,0,0,0,0,0,1
891,0,3,1,0,0,1,0,0,0,0,0,0,0,0,0,0,1
